timestamp,original data,missing data,filled flow dataGPT,,error,,
6/10/2018 0:00,6.487611,6.487611,6.487611,,0,mean error,-0.326041744
6/10/2018 0:15,6.506331,6.506331,6.506331,,0,max error,7.421264063
6/10/2018 0:30,6.466698,6.466698,6.466698,,0,std error,1.184074132
6/10/2018 0:45,5.794517,5.794517,5.794517,,0,,
6/10/2018 1:00,5.691611,5.691611,5.691611,,0,,
6/10/2018 1:15,5.707466,5.707466,5.707466,,0,,
6/10/2018 1:30,5.885384,5.885384,5.885384,,0,,
6/10/2018 1:45,5.082154,5.082154,5.082154,,0,,
6/10/2018 2:00,5.11062,5.11062,5.11062,,0,,
6/10/2018 2:15,4.556857,4.556857,4.556857,,0,,
6/10/2018 2:30,4.308213,4.308213,4.308213,,0,,
6/10/2018 2:45,5.307478,5.307478,5.307478,,0,,
6/10/2018 3:00,4.823006,4.823006,4.823006,,0,,
6/10/2018 3:15,4.572483,4.572483,4.572483,,0,,
6/10/2018 3:30,4.146624,4.146624,4.146624,,0,,
6/10/2018 3:45,4.341585,4.341585,4.341585,,0,,
6/10/2018 4:00,4.727679,4.727679,4.727679,,0,,
6/10/2018 4:15,4.634265,4.634265,4.634265,,0,,
6/10/2018 4:30,5.261591,5.261591,5.261591,,0,,
6/10/2018 4:45,4.725363,4.725363,4.725363,,0,,
6/10/2018 5:00,4.459541,4.459541,4.459541,,0,,
6/10/2018 5:15,5.093352,5.093352,5.093352,,0,,
6/10/2018 5:30,4.693418,4.693418,4.693418,,0,,
6/10/2018 5:45,5.485207,5.485207,5.485207,,0,,
6/10/2018 6:00,6.24789,6.24789,6.24789,,0,,
6/10/2018 6:15,7.132205,7.132205,7.132205,,0,,
6/10/2018 6:30,8.176233,8.176233,8.176233,,0,,
6/10/2018 6:45,8.113589,8.113589,8.113589,,0,,
6/10/2018 7:00,8.908707,8.908707,8.908707,,0,,
6/10/2018 7:15,10.670378,10.670378,10.670378,,0,,
6/10/2018 7:30,12.119204,12.119204,12.119204,,0,,
6/10/2018 7:45,13.312066,13.312066,13.312066,,0,,
6/10/2018 8:00,14.8705,14.8705,14.8705,,0,,
6/10/2018 8:15,16.446886,16.446886,16.446886,,0,,
6/10/2018 8:30,17.801194,17.801194,17.801194,,0,,
6/10/2018 8:45,17.801682,17.801682,17.801682,,0,,
6/10/2018 9:00,17.956728,,15.76961763,15.76961763,2.187110375,,
6/10/2018 9:15,17.947826,,15.76961763,15.76961763,2.178208375,,
6/10/2018 9:30,17.488548,,15.76961763,15.76961763,1.718930375,,
6/10/2018 9:45,17.275727,,15.76961763,15.76961763,1.506109375,,
6/10/2018 10:00,17.362611,,15.0046275,15.0046275,2.3579835,,
6/10/2018 10:15,18.760745,,15.0046275,15.0046275,3.7561175,,
6/10/2018 10:30,17.796386,,15.0046275,15.0046275,2.7917585,,
6/10/2018 10:45,17.678619,,15.0046275,15.0046275,2.6739915,,
6/10/2018 11:00,18.091961,,14.38737138,14.38737138,3.704589625,,
6/10/2018 11:15,18.124682,,14.38737138,14.38737138,3.737310625,,
6/10/2018 11:30,18.761755,,14.38737138,14.38737138,4.374383625,,
6/10/2018 11:45,17.387501,,14.38737138,14.38737138,3.000129625,,
6/10/2018 12:00,17.700678,,13.61501547,13.61501547,4.085662526,,
6/10/2018 12:15,16.586852,16.586852,16.586852,,0,,
6/10/2018 12:30,15.251508,15.251508,15.251508,,0,,
6/10/2018 12:45,15.092635,15.092635,15.092635,,0,,
6/10/2018 13:00,15.078724,15.078724,15.078724,,0,,
6/10/2018 13:15,15.046772,15.046772,15.046772,,0,,
6/10/2018 13:30,14.887205,14.887205,14.887205,,0,,
6/10/2018 13:45,13.553487,13.553487,13.553487,,0,,
6/10/2018 14:00,14.159495,14.159495,14.159495,,0,,
6/10/2018 14:15,13.593658,13.593658,13.593658,,0,,
6/10/2018 14:30,13.385059,13.385059,13.385059,,0,,
6/10/2018 14:45,12.32247,12.32247,12.32247,,0,,
6/10/2018 15:00,12.631735,12.631735,12.631735,,0,,
6/10/2018 15:15,13.524926,13.524926,13.524926,,0,,
6/10/2018 15:30,15.32976,15.32976,15.32976,,0,,
6/10/2018 15:45,13.999205,13.999205,13.999205,,0,,
6/10/2018 16:00,15.241686,15.241686,15.241686,,0,,
6/10/2018 16:15,15.038634,15.038634,15.038634,,0,,
6/10/2018 16:30,16.573204,16.573204,16.573204,,0,,
6/10/2018 16:45,17.922301,17.922301,17.922301,,0,,
6/10/2018 17:00,17.654152,17.654152,17.654152,,0,,
6/10/2018 17:15,18.835162,18.835162,18.835162,,0,,
6/10/2018 17:30,18.986281,18.986281,18.986281,,0,,
6/10/2018 17:45,18.152063,18.152063,18.152063,,0,,
6/10/2018 18:00,17.478946,17.478946,17.478946,,0,,
6/10/2018 18:15,18.071603,18.071603,18.071603,,0,,
6/10/2018 18:30,18.297951,18.297951,18.297951,,0,,
6/10/2018 18:45,17.555178,17.555178,17.555178,,0,,
6/10/2018 19:00,18.657297,18.657297,18.657297,,0,,
6/10/2018 19:15,18.880284,18.880284,18.880284,,0,,
6/10/2018 19:30,18.159956,18.159956,18.159956,,0,,
6/10/2018 19:45,16.882817,16.882817,16.882817,,0,,
6/10/2018 20:00,16.660158,16.660158,16.660158,,0,,
6/10/2018 20:15,14.952278,14.952278,14.952278,,0,,
6/10/2018 20:30,15.814873,15.814873,15.814873,,0,,
6/10/2018 20:45,13.420234,13.420234,13.420234,,0,,
6/10/2018 21:00,13.451419,13.451419,13.451419,,0,,
6/10/2018 21:15,13.876864,13.876864,13.876864,,0,,
6/10/2018 21:30,13.007698,13.007698,13.007698,,0,,
6/10/2018 21:45,10.682617,10.682617,10.682617,,0,,
6/10/2018 22:00,10.478624,10.478624,10.478624,,0,,
6/10/2018 22:15,9.424086,9.424086,9.424086,,0,,
6/10/2018 22:30,8.159081,8.159081,8.159081,,0,,
6/10/2018 22:45,8.013348,8.013348,8.013348,,0,,
6/10/2018 23:00,7.936017,7.936017,7.936017,,0,,
6/10/2018 23:15,6.936993,6.936993,6.936993,,0,,
6/10/2018 23:30,6.835683,6.835683,6.835683,,0,,
6/10/2018 23:45,6.987002,6.987002,6.987002,,0,,
6/11/2018 0:00,6.064876,6.064876,6.064876,,0,,
6/11/2018 0:15,5.195826,5.195826,5.195826,,0,,
6/11/2018 0:30,5.501744,5.501744,5.501744,,0,,
6/11/2018 0:45,5.399484,5.399484,5.399484,,0,,
6/11/2018 1:00,5.536092,5.536092,5.536092,,0,,
6/11/2018 1:15,5.636471,5.636471,5.636471,,0,,
6/11/2018 1:30,4.870554,4.870554,4.870554,,0,,
6/11/2018 1:45,4.936563,4.936563,4.936563,,0,,
6/11/2018 2:00,5.524363,5.524363,5.524363,,0,,
6/11/2018 2:15,4.601511,4.601511,4.601511,,0,,
6/11/2018 2:30,4.176391,4.176391,4.176391,,0,,
6/11/2018 2:45,4.541947,4.541947,4.541947,,0,,
6/11/2018 3:00,4.18437,4.18437,4.18437,,0,,
6/11/2018 3:15,4.256819,4.256819,4.256819,,0,,
6/11/2018 3:30,4.213853,4.213853,4.213853,,0,,
6/11/2018 3:45,4.377496,4.377496,4.377496,,0,,
6/11/2018 4:00,5.071245,5.071245,5.071245,,0,,
6/11/2018 4:15,6.133415,6.133415,6.133415,,0,,
6/11/2018 4:30,6.675598,6.675598,6.675598,,0,,
6/11/2018 4:45,7.596114,7.596114,7.596114,,0,,
6/11/2018 5:00,8.439869,8.439869,8.439869,,0,,
6/11/2018 5:15,10.245856,10.245856,10.245856,,0,,
6/11/2018 5:30,12.462036,12.462036,12.462036,,0,,
6/11/2018 5:45,13.107033,13.107033,13.107033,,0,,
6/11/2018 6:00,14.310695,14.310695,14.310695,,0,,
6/11/2018 6:15,15.227382,15.227382,15.227382,,0,,
6/11/2018 6:30,17.272692,17.272692,17.272692,,0,,
6/11/2018 6:45,17.632567,17.632567,17.632567,,0,,
6/11/2018 7:00,17.346839,17.346839,17.346839,,0,,
6/11/2018 7:15,18.258042,18.258042,18.258042,,0,,
6/11/2018 7:30,17.474388,17.474388,17.474388,,0,,
6/11/2018 7:45,16.764028,16.764028,16.764028,,0,,
6/11/2018 8:00,17.007836,17.007836,17.007836,,0,,
6/11/2018 8:15,16.695631,16.695631,16.695631,,0,,
6/11/2018 8:30,16.607641,16.607641,16.607641,,0,,
6/11/2018 8:45,15.880058,15.880058,15.880058,,0,,
6/11/2018 9:00,15.462733,15.462733,15.462733,,0,,
6/11/2018 9:15,15.490437,15.490437,15.490437,,0,,
6/11/2018 9:30,15.953718,15.953718,15.953718,,0,,
6/11/2018 9:45,15.389805,15.389805,15.389805,,0,,
6/11/2018 10:00,15.848336,15.848336,15.848336,,0,,
6/11/2018 10:15,15.978069,15.978069,15.978069,,0,,
6/11/2018 10:30,16.318937,16.318937,16.318937,,0,,
6/11/2018 10:45,15.274754,15.274754,15.274754,,0,,
6/11/2018 11:00,15.753263,15.753263,15.753263,,0,,
6/11/2018 11:15,15.873766,15.873766,15.873766,,0,,
6/11/2018 11:30,14.967025,14.967025,14.967025,,0,,
6/11/2018 11:45,14.399764,14.399764,14.399764,,0,,
6/11/2018 12:00,14.110312,14.110312,14.110312,,0,,
6/11/2018 12:15,12.455214,12.455214,12.455214,,0,,
6/11/2018 12:30,12.6318,12.6318,12.6318,,0,,
6/11/2018 12:45,12.474585,12.474585,12.474585,,0,,
6/11/2018 13:00,12.877744,12.877744,12.877744,,0,,
6/11/2018 13:15,12.964934,12.964934,12.964934,,0,,
6/11/2018 13:30,12.848585,12.848585,12.848585,,0,,
6/11/2018 13:45,11.847788,11.847788,11.847788,,0,,
6/11/2018 14:00,12.489132,12.489132,12.489132,,0,,
6/11/2018 14:15,12.153852,12.153852,12.153852,,0,,
6/11/2018 14:30,12.616689,12.616689,12.616689,,0,,
6/11/2018 14:45,12.124909,12.124909,12.124909,,0,,
6/11/2018 15:00,11.741343,11.741343,11.741343,,0,,
6/11/2018 15:15,12.83808,12.83808,12.83808,,0,,
6/11/2018 15:30,12.922641,12.922641,12.922641,,0,,
6/11/2018 15:45,12.296742,12.296742,12.296742,,0,,
6/11/2018 16:00,13.311818,13.311818,13.311818,,0,,
6/11/2018 16:15,14.263027,14.263027,14.263027,,0,,
6/11/2018 16:30,15.40959,15.40959,15.40959,,0,,
6/11/2018 16:45,15.876401,15.876401,15.876401,,0,,
6/11/2018 17:00,16.150905,16.150905,16.150905,,0,,
6/11/2018 17:15,16.224285,16.224285,16.224285,,0,,
6/11/2018 17:30,16.852431,16.852431,16.852431,,0,,
6/11/2018 17:45,17.694006,17.694006,17.694006,,0,,
6/11/2018 18:00,18.347039,18.347039,18.347039,,0,,
6/11/2018 18:15,18.724293,18.724293,18.724293,,0,,
6/11/2018 18:30,19.181725,19.181725,19.181725,,0,,
6/11/2018 18:45,19.495946,19.495946,19.495946,,0,,
6/11/2018 19:00,18.175373,18.175373,18.175373,,0,,
6/11/2018 19:15,19.407124,19.407124,19.407124,,0,,
6/11/2018 19:30,16.894939,16.894939,16.894939,,0,,
6/11/2018 19:45,16.834215,16.834215,16.834215,,0,,
6/11/2018 20:00,16.359506,16.359506,16.359506,,0,,
6/11/2018 20:15,14.794997,14.794997,14.794997,,0,,
6/11/2018 20:30,14.534094,14.534094,14.534094,,0,,
6/11/2018 20:45,12.659824,12.659824,12.659824,,0,,
6/11/2018 21:00,13.448814,13.448814,13.448814,,0,,
6/11/2018 21:15,13.919754,13.919754,13.919754,,0,,
6/11/2018 21:30,12.472304,12.472304,12.472304,,0,,
6/11/2018 21:45,11.042606,11.042606,11.042606,,0,,
6/11/2018 22:00,9.767395,9.767395,9.767395,,0,,
6/11/2018 22:15,9.434205,9.434205,9.434205,,0,,
6/11/2018 22:30,9.247337,9.247337,9.247337,,0,,
6/11/2018 22:45,7.617889,7.617889,7.617889,,0,,
6/11/2018 23:00,7.270331,7.270331,7.270331,,0,,
6/11/2018 23:15,7.243881,7.243881,7.243881,,0,,
6/11/2018 23:30,6.470057,6.470057,6.470057,,0,,
6/11/2018 23:45,6.422357,6.422357,6.422357,,0,,
6/12/2018 0:00,5.534911,5.534911,5.534911,,0,,
6/12/2018 0:15,6.186587,6.186587,6.186587,,0,,
6/12/2018 0:30,6.340684,6.340684,6.340684,,0,,
6/12/2018 0:45,5.921624,5.921624,5.921624,,0,,
6/12/2018 1:00,4.750057,4.750057,4.750057,,0,,
6/12/2018 1:15,4.669843,4.669843,4.669843,,0,,
6/12/2018 1:30,4.99779,4.99779,4.99779,,0,,
6/12/2018 1:45,5.007292,5.007292,5.007292,,0,,
6/12/2018 2:00,5.820875,5.820875,5.820875,,0,,
6/12/2018 2:15,5.449672,5.449672,5.449672,,0,,
6/12/2018 2:30,4.310163,4.310163,4.310163,,0,,
6/12/2018 2:45,4.471828,4.471828,4.471828,,0,,
6/12/2018 3:00,4.621953,4.621953,4.621953,,0,,
6/12/2018 3:15,4.272012,4.272012,4.272012,,0,,
6/12/2018 3:30,4.940802,4.940802,4.940802,,0,,
6/12/2018 3:45,4.937108,4.937108,4.937108,,0,,
6/12/2018 4:00,5.031519,5.031519,5.031519,,0,,
6/12/2018 4:15,6.592652,6.592652,6.592652,,0,,
6/12/2018 4:30,5.613745,5.613745,5.613745,,0,,
6/12/2018 4:45,7.111272,7.111272,7.111272,,0,,
6/12/2018 5:00,9.327809,9.327809,9.327809,,0,,
6/12/2018 5:15,10.93546,10.93546,10.93546,,0,,
6/12/2018 5:30,11.275758,11.275758,11.275758,,0,,
6/12/2018 5:45,13.42272,13.42272,13.42272,,0,,
6/12/2018 6:00,15.590836,15.590836,15.590836,,0,,
6/12/2018 6:15,16.369892,16.369892,16.369892,,0,,
6/12/2018 6:30,17.266073,17.266073,17.266073,,0,,
6/12/2018 6:45,18.380239,18.380239,18.380239,,0,,
6/12/2018 7:00,18.592547,18.592547,18.592547,,0,,
6/12/2018 7:15,17.978954,17.978954,17.978954,,0,,
6/12/2018 7:30,18.098633,18.098633,18.098633,,0,,
6/12/2018 7:45,16.944862,16.944862,16.944862,,0,,
6/12/2018 8:00,16.272965,16.272965,16.272965,,0,,
6/12/2018 8:15,16.547364,16.547364,16.547364,,0,,
6/12/2018 8:30,15.608526,15.608526,15.608526,,0,,
6/12/2018 8:45,14.726639,14.726639,14.726639,,0,,
6/12/2018 9:00,13.704626,13.704626,13.704626,,0,,
6/12/2018 9:15,12.80234,12.80234,12.80234,,0,,
6/12/2018 9:30,13.436255,13.436255,13.436255,,0,,
6/12/2018 9:45,12.859543,12.859543,12.859543,,0,,
6/12/2018 10:00,12.95905,12.95905,12.95905,,0,,
6/12/2018 10:15,13.147743,13.147743,13.147743,,0,,
6/12/2018 10:30,12.729307,12.729307,12.729307,,0,,
6/12/2018 10:45,12.295733,12.295733,12.295733,,0,,
6/12/2018 11:00,12.68385,12.68385,12.68385,,0,,
6/12/2018 11:15,12.329972,12.329972,12.329972,,0,,
6/12/2018 11:30,12.416984,12.416984,12.416984,,0,,
6/12/2018 11:45,11.911865,11.911865,11.911865,,0,,
6/12/2018 12:00,12.870241,12.870241,12.870241,,0,,
6/12/2018 12:15,11.19412,11.19412,11.19412,,0,,
6/12/2018 12:30,11.390456,11.390456,11.390456,,0,,
6/12/2018 12:45,11.982818,11.982818,11.982818,,0,,
6/12/2018 13:00,11.489005,11.489005,11.489005,,0,,
6/12/2018 13:15,12.181384,12.181384,12.181384,,0,,
6/12/2018 13:30,11.956184,,13.03120111,13.03120111,-1.075017111,,
6/12/2018 13:45,12.339691,,13.03120111,13.03120111,-0.691510111,,
6/12/2018 14:00,11.23197,,12.4162895,12.4162895,-1.1843195,,
6/12/2018 14:15,10.931262,,12.4162895,12.4162895,-1.4850275,,
6/12/2018 14:30,10.519489,,12.4162895,12.4162895,-1.8968005,,
6/12/2018 14:45,11.245434,,12.4162895,12.4162895,-1.1708555,,
6/12/2018 15:00,12.001083,,13.08491125,13.08491125,-1.08382825,,
6/12/2018 15:15,13.101628,,13.08491125,13.08491125,0.01671675,,
6/12/2018 15:30,12.297391,,13.08491125,13.08491125,-0.78752025,,
6/12/2018 15:45,12.411348,,13.08491125,13.08491125,-0.67356325,,
6/12/2018 16:00,12.849167,,14.35299475,14.35299475,-1.50382775,,
6/12/2018 16:15,13.905392,,14.35299475,14.35299475,-0.44760275,,
6/12/2018 16:30,14.080743,,14.35299475,14.35299475,-0.27225175,,
6/12/2018 16:45,14.538572,,14.35299475,14.35299475,0.18557725,,
6/12/2018 17:00,16.285234,,16.350312,16.350312,-0.065078,,
6/12/2018 17:15,15.604598,,16.350312,16.350312,-0.745714,,
6/12/2018 17:30,16.289061,,16.350312,16.350312,-0.061251,,
6/12/2018 17:45,16.288547,,16.350312,16.350312,-0.061765,,
6/12/2018 18:00,16.319913,,16.34699244,16.34699244,-0.027079437,,
6/12/2018 18:15,17.948196,,16.34699244,16.34699244,1.601203563,,
6/12/2018 18:30,15.865588,,16.34699244,16.34699244,-0.481404437,,
6/12/2018 18:45,15.518866,,16.34699244,16.34699244,-0.828126438,,
6/12/2018 19:00,14.877754,,15.25291781,15.25291781,-0.375163813,,
6/12/2018 19:15,14.549536,,15.25291781,15.25291781,-0.703381813,,
6/12/2018 19:30,15.933056,,15.25291781,15.25291781,0.680138188,,
6/12/2018 19:45,15.822784,,15.25291781,15.25291781,0.569866188,,
6/12/2018 20:00,15.241376,,13.22790863,13.22790863,2.013467375,,
6/12/2018 20:15,14.130721,,13.22790863,13.22790863,0.902812375,,
6/12/2018 20:30,13.770642,,13.22790863,13.22790863,0.542733375,,
6/12/2018 20:45,12.980765,,13.22790863,13.22790863,-0.247143625,,
6/12/2018 21:00,13.066119,,11.78598839,11.78598839,1.280130611,,
6/12/2018 21:15,13.429733,,11.78598839,11.78598839,1.643744611,,
6/12/2018 21:30,11.76828,,11.78598839,11.78598839,-0.017708389,,
6/12/2018 21:45,11.665935,,11.78598839,11.78598839,-0.120053389,,
6/12/2018 22:00,10.244189,,9.211801833,9.211801833,1.032387167,,
6/12/2018 22:15,8.656936,,9.211801833,9.211801833,-0.554865833,,
6/12/2018 22:30,8.082664,,9.211801833,9.211801833,-1.129137833,,
6/12/2018 22:45,7.955118,,9.211801833,9.211801833,-1.256683833,,
6/12/2018 23:00,7.317938,,7.38571705,7.38571705,-0.06777905,,
6/12/2018 23:15,8.541772,,7.38571705,7.38571705,1.15605495,,
6/12/2018 23:30,7.832558,,7.38571705,7.38571705,0.44684095,,
6/12/2018 23:45,7.108469,,7.38571705,7.38571705,-0.27724805,,
6/13/2018 0:00,6.340877,,6.077408571,6.077408571,0.263468429,,
6/13/2018 0:15,5.93942,,6.077408571,6.077408571,-0.137988571,,
6/13/2018 0:30,5.227704,,6.077408571,6.077408571,-0.849704571,,
6/13/2018 0:45,5.519845,,6.077408571,6.077408571,-0.557563571,,
6/13/2018 1:00,5.40557,,5.2174075,5.2174075,0.1881625,,
6/13/2018 1:15,5.023504,,5.2174075,5.2174075,-0.1939035,,
6/13/2018 1:30,5.274286,,5.2174075,5.2174075,0.0568785,,
6/13/2018 1:45,5.660482,,5.2174075,5.2174075,0.4430745,,
6/13/2018 2:00,5.302496,,4.81454145,4.81454145,0.48795455,,
6/13/2018 2:15,5.390106,,4.81454145,4.81454145,0.57556455,,
6/13/2018 2:30,4.582406,,4.81454145,4.81454145,-0.23213545,,
6/13/2018 2:45,4.719773,,4.81454145,4.81454145,-0.09476845,,
6/13/2018 3:00,4.937873,,4.6122512,4.6122512,0.3256218,,
6/13/2018 3:15,4.513706,,4.6122512,4.6122512,-0.0985452,,
6/13/2018 3:30,4.682881,,4.6122512,4.6122512,0.0706298,,
6/13/2018 3:45,4.653162,,4.6122512,4.6122512,0.0409108,,
6/13/2018 4:00,5.098764,,5.84823875,5.84823875,-0.74947475,,
6/13/2018 4:15,5.57636,,5.84823875,5.84823875,-0.27187875,,
6/13/2018 4:30,6.750121,,5.84823875,5.84823875,0.90188225,,
6/13/2018 4:45,6.820314,,5.84823875,5.84823875,0.97207525,,
6/13/2018 5:00,9.131543,,9.1193154,9.1193154,0.0122276,,
6/13/2018 5:15,12.048967,,9.1193154,9.1193154,2.9296516,,
6/13/2018 5:30,12.185645,,9.1193154,9.1193154,3.0663296,,
6/13/2018 5:45,14.360307,,9.1193154,9.1193154,5.2409916,,
6/13/2018 6:00,15.64371,,14.61959506,14.61959506,1.024114938,,
6/13/2018 6:15,17.050167,,14.61959506,14.61959506,2.430571938,,
6/13/2018 6:30,16.821521,,14.61959506,14.61959506,2.201925938,,
6/13/2018 6:45,17.996046,,14.61959506,14.61959506,3.376450938,,
6/13/2018 7:00,17.605016,,16.44067106,16.44067106,1.164344938,,
6/13/2018 7:15,17.692901,,16.44067106,16.44067106,1.252229938,,
6/13/2018 7:30,16.286312,,16.44067106,16.44067106,-0.154359063,,
6/13/2018 7:45,14.838991,,16.44067106,16.44067106,-1.601680063,,
6/13/2018 8:00,14.387692,,16.90436605,16.90436605,-2.516674053,,
6/13/2018 8:15,14.426346,,16.90436605,16.90436605,-2.478020053,,
6/13/2018 8:30,14.961411,,16.90436605,16.90436605,-1.942955053,,
6/13/2018 8:45,15.050868,,16.90436605,16.90436605,-1.853498053,,
6/13/2018 9:00,14.509236,,15.76961763,15.76961763,-1.260381625,,
6/13/2018 9:15,14.607529,,15.76961763,15.76961763,-1.162088625,,
6/13/2018 9:30,15.28166,,15.76961763,15.76961763,-0.487957625,,
6/13/2018 9:45,15.192873,,15.76961763,15.76961763,-0.576744625,,
6/13/2018 10:00,14.027485,,15.0046275,15.0046275,-0.9771425,,
6/13/2018 10:15,14.636453,,15.0046275,15.0046275,-0.3681745,,
6/13/2018 10:30,13.897746,,15.0046275,15.0046275,-1.1068815,,
6/13/2018 10:45,12.91022,,15.0046275,15.0046275,-2.0944075,,
6/13/2018 11:00,14.055665,,14.38737138,14.38737138,-0.331706375,,
6/13/2018 11:15,14.605071,,14.38737138,14.38737138,0.217699625,,
6/13/2018 11:30,13.654963,,14.38737138,14.38737138,-0.732408375,,
6/13/2018 11:45,12.94951,,14.38737138,14.38737138,-1.437861375,,
6/13/2018 12:00,12.551893,,13.61501547,13.61501547,-1.063122474,,
6/13/2018 12:15,11.789441,,13.61501547,13.61501547,-1.825574474,,
6/13/2018 12:30,12.099228,,13.61501547,13.61501547,-1.515787474,,
6/13/2018 12:45,11.342071,,13.61501547,13.61501547,-2.272944474,,
6/13/2018 13:00,11.149259,,13.03120111,13.03120111,-1.881942111,,
6/13/2018 13:15,11.327502,,13.03120111,13.03120111,-1.703699111,,
6/13/2018 13:30,10.825838,,13.03120111,13.03120111,-2.205363111,,
6/13/2018 13:45,10.240294,,13.03120111,13.03120111,-2.790907111,,
6/13/2018 14:00,11.307181,,12.4162895,12.4162895,-1.1091085,,
6/13/2018 14:15,11.220163,,12.4162895,12.4162895,-1.1961265,,
6/13/2018 14:30,10.542387,,12.4162895,12.4162895,-1.8739025,,
6/13/2018 14:45,10.874549,,12.4162895,12.4162895,-1.5417405,,
6/13/2018 15:00,11.546982,,13.08491125,13.08491125,-1.53792925,,
6/13/2018 15:15,12.429857,,13.08491125,13.08491125,-0.65505425,,
6/13/2018 15:30,13.068991,,13.08491125,13.08491125,-0.01592025,,
6/13/2018 15:45,13.877144,,13.08491125,13.08491125,0.79223275,,
6/13/2018 16:00,13.373543,,14.35299475,14.35299475,-0.97945175,,
6/13/2018 16:15,13.740713,,14.35299475,14.35299475,-0.61228175,,
6/13/2018 16:30,14.354503,,14.35299475,14.35299475,0.00150825,,
6/13/2018 16:45,14.21747,,14.35299475,14.35299475,-0.13552475,,
6/13/2018 17:00,14.984667,,16.350312,16.350312,-1.365645,,
6/13/2018 17:15,15.217795,,16.350312,16.350312,-1.132517,,
6/13/2018 17:30,16.885901,,16.350312,16.350312,0.535589,,
6/13/2018 17:45,16.150257,,16.350312,16.350312,-0.200055,,
6/13/2018 18:00,16.501763,,16.34699244,16.34699244,0.154770563,,
6/13/2018 18:15,16.002681,,16.34699244,16.34699244,-0.344311438,,
6/13/2018 18:30,15.526838,,16.34699244,16.34699244,-0.820154437,,
6/13/2018 18:45,14.82568,,16.34699244,16.34699244,-1.521312438,,
6/13/2018 19:00,14.412688,,15.25291781,15.25291781,-0.840229813,,
6/13/2018 19:15,15.332349,,15.25291781,15.25291781,0.079431188,,
6/13/2018 19:30,14.348238,,15.25291781,15.25291781,-0.904679813,,
6/13/2018 19:45,13.757426,,15.25291781,15.25291781,-1.495491813,,
6/13/2018 20:00,13.539164,,13.22790863,13.22790863,0.311255375,,
6/13/2018 20:15,13.179628,,13.22790863,13.22790863,-0.048280625,,
6/13/2018 20:30,11.532065,,13.22790863,13.22790863,-1.695843625,,
6/13/2018 20:45,11.288247,,13.22790863,13.22790863,-1.939661625,,
6/13/2018 21:00,12.172947,,11.78598839,11.78598839,0.386958611,,
6/13/2018 21:15,12.267942,,11.78598839,11.78598839,0.481953611,,
6/13/2018 21:30,12.466261,,11.78598839,11.78598839,0.680272611,,
6/13/2018 21:45,10.322434,,11.78598839,11.78598839,-1.463554389,,
6/13/2018 22:00,9.817388,,9.211801833,9.211801833,0.605586167,,
6/13/2018 22:15,8.797506,,9.211801833,9.211801833,-0.414295833,,
6/13/2018 22:30,7.79343,,9.211801833,9.211801833,-1.418371833,,
6/13/2018 22:45,7.773486,,9.211801833,9.211801833,-1.438315833,,
6/13/2018 23:00,8.034288,,7.38571705,7.38571705,0.64857095,,
6/13/2018 23:15,6.649484,,7.38571705,7.38571705,-0.73623305,,
6/13/2018 23:30,7.230514,,7.38571705,7.38571705,-0.15520305,,
6/13/2018 23:45,6.096735,,7.38571705,7.38571705,-1.28898205,,
6/14/2018 0:00,5.66398,,6.077408571,6.077408571,-0.413428571,,
6/14/2018 0:15,5.369665,,6.077408571,6.077408571,-0.707743571,,
6/14/2018 0:30,5.372535,,6.077408571,6.077408571,-0.704873571,,
6/14/2018 0:45,5.297949,,6.077408571,6.077408571,-0.779459571,,
6/14/2018 1:00,4.707311,,5.2174075,5.2174075,-0.5100965,,
6/14/2018 1:15,4.690695,,5.2174075,5.2174075,-0.5267125,,
6/14/2018 1:30,4.711467,,5.2174075,5.2174075,-0.5059405,,
6/14/2018 1:45,5.90059,,5.2174075,5.2174075,0.6831825,,
6/14/2018 2:00,5.29331,,4.81454145,4.81454145,0.47876855,,
6/14/2018 2:15,4.567865,,4.81454145,4.81454145,-0.24667645,,
6/14/2018 2:30,4.361479,,4.81454145,4.81454145,-0.45306245,,
6/14/2018 2:45,4.333782,,4.81454145,4.81454145,-0.48075945,,
6/14/2018 3:00,3.764659,,4.6122512,4.6122512,-0.8475922,,
6/14/2018 3:15,3.902045,,4.6122512,4.6122512,-0.7102062,,
6/14/2018 3:30,4.479549,,4.6122512,4.6122512,-0.1327022,,
6/14/2018 3:45,4.562111,,4.6122512,4.6122512,-0.0501402,,
6/14/2018 4:00,5.258805,,5.84823875,5.84823875,-0.58943375,,
6/14/2018 4:15,6.28597,,5.84823875,5.84823875,0.43773125,,
6/14/2018 4:30,6.699389,,5.84823875,5.84823875,0.85115025,,
6/14/2018 4:45,6.763369,,5.84823875,5.84823875,0.91513025,,
6/14/2018 5:00,8.844715,,9.1193154,9.1193154,-0.2746004,,
6/14/2018 5:15,10.211017,,9.1193154,9.1193154,1.0917016,,
6/14/2018 5:30,11.184659,,9.1193154,9.1193154,2.0653436,,
6/14/2018 5:45,12.436207,,9.1193154,9.1193154,3.3168916,,
6/14/2018 6:00,13.913488,,14.61959506,14.61959506,-0.706107063,,
6/14/2018 6:15,15.226094,,14.61959506,14.61959506,0.606498938,,
6/14/2018 6:30,15.737266,,14.61959506,14.61959506,1.117670938,,
6/14/2018 6:45,16.425463,,14.61959506,14.61959506,1.805867938,,
6/14/2018 7:00,16.476873,,16.44067106,16.44067106,0.036201937,,
6/14/2018 7:15,15.127429,,16.44067106,16.44067106,-1.313242063,,
6/14/2018 7:30,14.702704,,16.44067106,16.44067106,-1.737967063,,
6/14/2018 7:45,14.569669,,16.44067106,16.44067106,-1.871002063,,
6/14/2018 8:00,14.417551,,16.90436605,16.90436605,-2.486815053,,
6/14/2018 8:15,13.51729,,16.90436605,16.90436605,-3.387076053,,
6/14/2018 8:30,13.848451,,16.90436605,16.90436605,-3.055915053,,
6/14/2018 8:45,13.274117,,16.90436605,16.90436605,-3.630249053,,
6/14/2018 9:00,13.892544,,15.76961763,15.76961763,-1.877073625,,
6/14/2018 9:15,12.452683,,15.76961763,15.76961763,-3.316934625,,
6/14/2018 9:30,13.559234,,15.76961763,15.76961763,-2.210383625,,
6/14/2018 9:45,12.381823,,15.76961763,15.76961763,-3.387794625,,
6/14/2018 10:00,12.374621,,15.0046275,15.0046275,-2.6300065,,
6/14/2018 10:15,13.464193,,15.0046275,15.0046275,-1.5404345,,
6/14/2018 10:30,13.46185,,15.0046275,15.0046275,-1.5427775,,
6/14/2018 10:45,12.027591,,15.0046275,15.0046275,-2.9770365,,
6/14/2018 11:00,13.320721,,14.38737138,14.38737138,-1.066650375,,
6/14/2018 11:15,13.444705,,14.38737138,14.38737138,-0.942666375,,
6/14/2018 11:30,13.650636,,14.38737138,14.38737138,-0.736735375,,
6/14/2018 11:45,13.439753,,14.38737138,14.38737138,-0.947618375,,
6/14/2018 12:00,13.585106,,13.61501547,13.61501547,-0.029909474,,
6/14/2018 12:15,13.453792,,13.61501547,13.61501547,-0.161223474,,
6/14/2018 12:30,13.441973,,13.61501547,13.61501547,-0.173042474,,
6/14/2018 12:45,12.74102,,13.61501547,13.61501547,-0.873995474,,
6/14/2018 13:00,12.112773,,13.03120111,13.03120111,-0.918428111,,
6/14/2018 13:15,11.827389,,13.03120111,13.03120111,-1.203812111,,
6/14/2018 13:30,12.202147,,13.03120111,13.03120111,-0.829054111,,
6/14/2018 13:45,11.306199,,13.03120111,13.03120111,-1.725002111,,
6/14/2018 14:00,12.753014,,12.4162895,12.4162895,0.3367245,,
6/14/2018 14:15,12.267349,,12.4162895,12.4162895,-0.1489405,,
6/14/2018 14:30,11.212245,,12.4162895,12.4162895,-1.2040445,,
6/14/2018 14:45,11.818097,,12.4162895,12.4162895,-0.5981925,,
6/14/2018 15:00,12.899029,,13.08491125,13.08491125,-0.18588225,,
6/14/2018 15:15,11.968724,,13.08491125,13.08491125,-1.11618725,,
6/14/2018 15:30,12.325061,,13.08491125,13.08491125,-0.75985025,,
6/14/2018 15:45,12.03607,,13.08491125,13.08491125,-1.04884125,,
6/14/2018 16:00,13.443619,,14.35299475,14.35299475,-0.90937575,,
6/14/2018 16:15,15.04274,,14.35299475,14.35299475,0.68974525,,
6/14/2018 16:30,14.132972,,14.35299475,14.35299475,-0.22002275,,
6/14/2018 16:45,15.188288,,14.35299475,14.35299475,0.83529325,,
6/14/2018 17:00,16.49995,,16.350312,16.350312,0.149638,,
6/14/2018 17:15,15.971528,,16.350312,16.350312,-0.378784,,
6/14/2018 17:30,16.298277,,16.350312,16.350312,-0.052035,,
6/14/2018 17:45,15.427551,,16.350312,16.350312,-0.922761,,
6/14/2018 18:00,16.89628,,16.34699244,16.34699244,0.549287563,,
6/14/2018 18:15,16.590699,,16.34699244,16.34699244,0.243706563,,
6/14/2018 18:30,15.859433,,16.34699244,16.34699244,-0.487559438,,
6/14/2018 18:45,15.749339,,16.34699244,16.34699244,-0.597653437,,
6/14/2018 19:00,15.415323,,15.25291781,15.25291781,0.162405188,,
6/14/2018 19:15,16.119884,,15.25291781,15.25291781,0.866966187,,
6/14/2018 19:30,15.468946,,15.25291781,15.25291781,0.216028188,,
6/14/2018 19:45,15.244756,,15.25291781,15.25291781,-0.008161812,,
6/14/2018 20:00,15.056798,,13.22790863,13.22790863,1.828889375,,
6/14/2018 20:15,15.08841,,13.22790863,13.22790863,1.860501375,,
6/14/2018 20:30,13.493482,,13.22790863,13.22790863,0.265573375,,
6/14/2018 20:45,12.489018,,13.22790863,13.22790863,-0.738890625,,
6/14/2018 21:00,13.010589,,11.78598839,11.78598839,1.224600611,,
6/14/2018 21:15,13.805314,,11.78598839,11.78598839,2.019325611,,
6/14/2018 21:30,12.026925,12.026925,12.026925,,0,,
6/14/2018 21:45,11.881169,11.881169,11.881169,,0,,
6/14/2018 22:00,10.646382,10.646382,10.646382,,0,,
6/14/2018 22:15,9.429464,9.429464,9.429464,,0,,
6/14/2018 22:30,9.347701,9.347701,9.347701,,0,,
6/14/2018 22:45,8.399094,8.399094,8.399094,,0,,
6/14/2018 23:00,7.595454,7.595454,7.595454,,0,,
6/14/2018 23:15,7.677081,7.677081,7.677081,,0,,
6/14/2018 23:30,8.179158,8.179158,8.179158,,0,,
6/14/2018 23:45,6.559457,6.559457,6.559457,,0,,
6/15/2018 0:00,6.320784,6.320784,6.320784,,0,,
6/15/2018 0:15,5.739136,5.739136,5.739136,,0,,
6/15/2018 0:30,5.680438,5.680438,5.680438,,0,,
6/15/2018 0:45,5.847091,5.847091,5.847091,,0,,
6/15/2018 1:00,5.835339,5.835339,5.835339,,0,,
6/15/2018 1:15,5.441376,5.441376,5.441376,,0,,
6/15/2018 1:30,4.799483,4.799483,4.799483,,0,,
6/15/2018 1:45,5.031022,5.031022,5.031022,,0,,
6/15/2018 2:00,4.900118,4.900118,4.900118,,0,,
6/15/2018 2:15,4.792151,4.792151,4.792151,,0,,
6/15/2018 2:30,4.810927,4.810927,4.810927,,0,,
6/15/2018 2:45,5.000409,5.000409,5.000409,,0,,
6/15/2018 3:00,4.844988,4.844988,4.844988,,0,,
6/15/2018 3:15,4.516675,4.516675,4.516675,,0,,
6/15/2018 3:30,4.672048,4.672048,4.672048,,0,,
6/15/2018 3:45,5.051952,5.051952,5.051952,,0,,
6/15/2018 4:00,5.617241,5.617241,5.617241,,0,,
6/15/2018 4:15,6.511926,6.511926,6.511926,,0,,
6/15/2018 4:30,7.350768,7.350768,7.350768,,0,,
6/15/2018 4:45,7.86924,7.86924,7.86924,,0,,
6/15/2018 5:00,9.068382,9.068382,9.068382,,0,,
6/15/2018 5:15,11.982846,11.982846,11.982846,,0,,
6/15/2018 5:30,13.677849,13.677849,13.677849,,0,,
6/15/2018 5:45,14.460226,14.460226,14.460226,,0,,
6/15/2018 6:00,15.424494,15.424494,15.424494,,0,,
6/15/2018 6:15,18.943057,18.943057,18.943057,,0,,
6/15/2018 6:30,18.811709,18.811709,18.811709,,0,,
6/15/2018 6:45,19.013968,19.013968,19.013968,,0,,
6/15/2018 7:00,21.086426,21.086426,21.086426,,0,,
6/15/2018 7:15,19.992791,19.992791,19.992791,,0,,
6/15/2018 7:30,18.440689,18.440689,18.440689,,0,,
6/15/2018 7:45,17.062183,17.062183,17.062183,,0,,
6/15/2018 8:00,17.755097,17.755097,17.755097,,0,,
6/15/2018 8:15,17.32103,17.32103,17.32103,,0,,
6/15/2018 8:30,17.600984,17.600984,17.600984,,0,,
6/15/2018 8:45,17.296068,17.296068,17.296068,,0,,
6/15/2018 9:00,17.299996,17.299996,17.299996,,0,,
6/15/2018 9:15,16.27746,16.27746,16.27746,,0,,
6/15/2018 9:30,16.778626,16.778626,16.778626,,0,,
6/15/2018 9:45,15.952315,15.952315,15.952315,,0,,
6/15/2018 10:00,15.539394,15.539394,15.539394,,0,,
6/15/2018 10:15,15.291948,15.291948,15.291948,,0,,
6/15/2018 10:30,15.287489,15.287489,15.287489,,0,,
6/15/2018 10:45,14.287842,14.287842,14.287842,,0,,
6/15/2018 11:00,14.471035,14.471035,14.471035,,0,,
6/15/2018 11:15,14.589328,14.589328,14.589328,,0,,
6/15/2018 11:30,14.263278,14.263278,14.263278,,0,,
6/15/2018 11:45,13.771725,13.771725,13.771725,,0,,
6/15/2018 12:00,14.055087,14.055087,14.055087,,0,,
6/15/2018 12:15,13.734107,13.734107,13.734107,,0,,
6/15/2018 12:30,13.319664,13.319664,13.319664,,0,,
6/15/2018 12:45,13.27394,13.27394,13.27394,,0,,
6/15/2018 13:00,12.578903,12.578903,12.578903,,0,,
6/15/2018 13:15,12.402615,12.402615,12.402615,,0,,
6/15/2018 13:30,12.18083,12.18083,12.18083,,0,,
6/15/2018 13:45,12.531502,12.531502,12.531502,,0,,
6/15/2018 14:00,12.514551,12.514551,12.514551,,0,,
6/15/2018 14:15,11.921599,11.921599,11.921599,,0,,
6/15/2018 14:30,10.88131,10.88131,10.88131,,0,,
6/15/2018 14:45,13.023596,13.023596,13.023596,,0,,
6/15/2018 15:00,12.525063,12.525063,12.525063,,0,,
6/15/2018 15:15,13.963587,13.963587,13.963587,,0,,
6/15/2018 15:30,13.2515,13.2515,13.2515,,0,,
6/15/2018 15:45,12.827387,12.827387,12.827387,,0,,
6/15/2018 16:00,13.283639,13.283639,13.283639,,0,,
6/15/2018 16:15,13.750354,13.750354,13.750354,,0,,
6/15/2018 16:30,13.829948,13.829948,13.829948,,0,,
6/15/2018 16:45,14.411703,14.411703,14.411703,,0,,
6/15/2018 17:00,15.25211,15.25211,15.25211,,0,,
6/15/2018 17:15,17.177577,17.177577,17.177577,,0,,
6/15/2018 17:30,17.650945,17.650945,17.650945,,0,,
6/15/2018 17:45,16.442607,16.442607,16.442607,,0,,
6/15/2018 18:00,15.643748,15.643748,15.643748,,0,,
6/15/2018 18:15,14.278984,14.278984,14.278984,,0,,
6/15/2018 18:30,14.222014,14.222014,14.222014,,0,,
6/15/2018 18:45,14.22574,14.22574,14.22574,,0,,
6/15/2018 19:00,15.072609,15.072609,15.072609,,0,,
6/15/2018 19:15,13.464782,13.464782,13.464782,,0,,
6/15/2018 19:30,12.37311,12.37311,12.37311,,0,,
6/15/2018 19:45,11.208622,11.208622,11.208622,,0,,
6/15/2018 20:00,12.46959,12.46959,12.46959,,0,,
6/15/2018 20:15,13.355612,13.355612,13.355612,,0,,
6/15/2018 20:30,12.558873,12.558873,12.558873,,0,,
6/15/2018 20:45,11.50835,11.50835,11.50835,,0,,
6/15/2018 21:00,12.050928,12.050928,12.050928,,0,,
6/15/2018 21:15,12.203584,12.203584,12.203584,,0,,
6/15/2018 21:30,10.035595,10.035595,10.035595,,0,,
6/15/2018 21:45,9.586108,9.586108,9.586108,,0,,
6/15/2018 22:00,9.235475,9.235475,9.235475,,0,,
6/15/2018 22:15,10.202139,10.202139,10.202139,,0,,
6/15/2018 22:30,9.535727,9.535727,9.535727,,0,,
6/15/2018 22:45,9.87991,9.87991,9.87991,,0,,
6/15/2018 23:00,8.218227,8.218227,8.218227,,0,,
6/15/2018 23:15,8.41968,8.41968,8.41968,,0,,
6/15/2018 23:30,7.693126,7.693126,7.693126,,0,,
6/15/2018 23:45,7.533194,7.533194,7.533194,,0,,
6/16/2018 0:00,7.425855,7.425855,7.425855,,0,,
6/16/2018 0:15,6.432155,6.432155,6.432155,,0,,
6/16/2018 0:30,6.05712,6.05712,6.05712,,0,,
6/16/2018 0:45,6.242667,6.242667,6.242667,,0,,
6/16/2018 1:00,5.796105,5.796105,5.796105,,0,,
6/16/2018 1:15,5.462759,5.462759,5.462759,,0,,
6/16/2018 1:30,4.696483,4.696483,4.696483,,0,,
6/16/2018 1:45,4.514306,4.514306,4.514306,,0,,
6/16/2018 2:00,4.492458,4.492458,4.492458,,0,,
6/16/2018 2:15,4.394032,4.394032,4.394032,,0,,
6/16/2018 2:30,4.97489,4.97489,4.97489,,0,,
6/16/2018 2:45,4.745926,4.745926,4.745926,,0,,
6/16/2018 3:00,4.938748,4.938748,4.938748,,0,,
6/16/2018 3:15,5.082201,5.082201,5.082201,,0,,
6/16/2018 3:30,4.739419,4.739419,4.739419,,0,,
6/16/2018 3:45,4.710882,4.710882,4.710882,,0,,
6/16/2018 4:00,5.108561,5.108561,5.108561,,0,,
6/16/2018 4:15,4.870778,4.870778,4.870778,,0,,
6/16/2018 4:30,5.416949,5.416949,5.416949,,0,,
6/16/2018 4:45,5.044854,5.044854,5.044854,,0,,
6/16/2018 5:00,4.916068,4.916068,4.916068,,0,,
6/16/2018 5:15,6.093892,6.093892,6.093892,,0,,
6/16/2018 5:30,6.625945,6.625945,6.625945,,0,,
6/16/2018 5:45,6.613041,6.613041,6.613041,,0,,
6/16/2018 6:00,7.198331,,14.61959506,14.61959506,-7.421264063,,
6/16/2018 6:15,8.890857,,14.61959506,14.61959506,-5.728738063,,
6/16/2018 6:30,9.104308,,14.61959506,14.61959506,-5.515287063,,
6/16/2018 6:45,10.70286,,14.61959506,14.61959506,-3.916735063,,
6/16/2018 7:00,12.043131,,16.44067106,16.44067106,-4.397540063,,
6/16/2018 7:15,13.322938,,16.44067106,16.44067106,-3.117733063,,
6/16/2018 7:30,14.589348,,16.44067106,16.44067106,-1.851323063,,
6/16/2018 7:45,15.592904,,16.44067106,16.44067106,-0.847767063,,
6/16/2018 8:00,16.550444,,16.90436605,16.90436605,-0.353922053,,
6/16/2018 8:15,17.438496,17.438496,17.438496,,0,,
6/16/2018 8:30,18.473362,18.473362,18.473362,,0,,
6/16/2018 8:45,19.030996,19.030996,19.030996,,0,,
6/16/2018 9:00,18.552436,18.552436,18.552436,,0,,
6/16/2018 9:15,17.708552,17.708552,17.708552,,0,,
6/16/2018 9:30,17.046587,17.046587,17.046587,,0,,
6/16/2018 9:45,17.598453,17.598453,17.598453,,0,,
6/16/2018 10:00,17.456779,17.456779,17.456779,,0,,
6/16/2018 10:15,16.212718,16.212718,16.212718,,0,,
6/16/2018 10:30,16.046759,16.046759,16.046759,,0,,
6/16/2018 10:45,15.399182,15.399182,15.399182,,0,,
6/16/2018 11:00,16.168057,16.168057,16.168057,,0,,
6/16/2018 11:15,15.708339,15.708339,15.708339,,0,,
6/16/2018 11:30,15.708813,15.708813,15.708813,,0,,
6/16/2018 11:45,15.180878,15.180878,15.180878,,0,,
6/16/2018 12:00,15.289457,15.289457,15.289457,,0,,
6/16/2018 12:15,14.743954,14.743954,14.743954,,0,,
6/16/2018 12:30,14.409822,14.409822,14.409822,,0,,
6/16/2018 12:45,13.818722,13.818722,13.818722,,0,,
6/16/2018 13:00,14.229701,14.229701,14.229701,,0,,
6/16/2018 13:15,13.84807,13.84807,13.84807,,0,,
6/16/2018 13:30,12.310159,12.310159,12.310159,,0,,
6/16/2018 13:45,11.704212,11.704212,11.704212,,0,,
6/16/2018 14:00,12.584986,12.584986,12.584986,,0,,
6/16/2018 14:15,11.466859,11.466859,11.466859,,0,,
6/16/2018 14:30,11.615181,11.615181,11.615181,,0,,
6/16/2018 14:45,11.807286,11.807286,11.807286,,0,,
6/16/2018 15:00,13.027906,13.027906,13.027906,,0,,
6/16/2018 15:15,13.634966,13.634966,13.634966,,0,,
6/16/2018 15:30,12.985824,12.985824,12.985824,,0,,
6/16/2018 15:45,11.857915,11.857915,11.857915,,0,,
6/16/2018 16:00,12.24483,12.24483,12.24483,,0,,
6/16/2018 16:15,13.040773,13.040773,13.040773,,0,,
6/16/2018 16:30,12.939435,12.939435,12.939435,,0,,
6/16/2018 16:45,12.510573,12.510573,12.510573,,0,,
6/16/2018 17:00,13.695663,13.695663,13.695663,,0,,
6/16/2018 17:15,14.25274,14.25274,14.25274,,0,,
6/16/2018 17:30,13.818588,13.818588,13.818588,,0,,
6/16/2018 17:45,12.765477,12.765477,12.765477,,0,,
6/16/2018 18:00,13.992228,13.992228,13.992228,,0,,
6/16/2018 18:15,14.154257,14.154257,14.154257,,0,,
6/16/2018 18:30,13.960105,13.960105,13.960105,,0,,
6/16/2018 18:45,13.922122,13.922122,13.922122,,0,,
6/16/2018 19:00,12.619539,12.619539,12.619539,,0,,
6/16/2018 19:15,12.47103,12.47103,12.47103,,0,,
6/16/2018 19:30,11.476042,11.476042,11.476042,,0,,
6/16/2018 19:45,11.468946,11.468946,11.468946,,0,,
6/16/2018 20:00,10.718813,10.718813,10.718813,,0,,
6/16/2018 20:15,10.271078,10.271078,10.271078,,0,,
6/16/2018 20:30,10.710957,10.710957,10.710957,,0,,
6/16/2018 20:45,10.857301,10.857301,10.857301,,0,,
6/16/2018 21:00,11.438314,11.438314,11.438314,,0,,
6/16/2018 21:15,10.551926,10.551926,10.551926,,0,,
6/16/2018 21:30,10.428122,10.428122,10.428122,,0,,
6/16/2018 21:45,10.043044,10.043044,10.043044,,0,,
6/16/2018 22:00,8.646426,8.646426,8.646426,,0,,
6/16/2018 22:15,8.742827,,9.211801833,9.211801833,-0.468974833,,
6/16/2018 22:30,7.542754,,9.211801833,9.211801833,-1.669047833,,
6/16/2018 22:45,8.34815,8.34815,8.34815,,0,,
6/16/2018 23:00,8.632649,8.632649,8.632649,,0,,
6/16/2018 23:15,7.361923,7.361923,7.361923,,0,,
6/16/2018 23:30,7.430639,7.430639,7.430639,,0,,
6/16/2018 23:45,6.311432,6.311432,6.311432,,0,,
6/17/2018 0:00,6.479441,6.479441,6.479441,,0,,
